symbol,avg_volume,avg_value,data_days
SHB,61491113.333333336,1017108164.0,785
VIX,40917873.333333336,974974630.6666666,785
SSI,24863188.266666666,750618243.6733333,785
HPG,27673633.333333332,742523570.3333334,785
VIC,5099034.5,731256706.8383334,785
VHM,5260973.333333333,550435510.3333334,785
MBB,21996160.0,538146183.8333334,785
FPT,5312498.033333333,512204654.7403333,785
MWG,5919530.0,491099977.6666667,785
HDB,17402760.166666668,439453911.1996667,785
GEX,9945950.0,438287520.0,785
VJC,2171176.6666666665,435128601.3333333,785
VPB,14853400.0,427344624.8333333,785
CII,15525273.333333334,393415998.6666667,785
STB,7508780.0,381793106.0,785
MSN,4546356.666666667,351454823.6666667,785
DGC,4568937.9,349342709.16966665,785
TCB,9742543.333333334,331013999.8333333,785
VRE,9849463.333333334,318645052.5,785
SHS,14575786.666666666,311688209.0,785
VCI,8780700.0,302665870.5,785
VNM,4703450.0,295515257.3333333,785
CEO,11654090.0,282640378.0,785
VND,14656063.333333334,281007221.1666667,785
HAG,15484916.666666666,278848556.5,785
CTG,7578652.9,263215715.04199997,785
DXG,11904720.0,217972457.5,785
ACB,8295806.666666667,201042396.0,785
VCB,3283630.0,190039590.0,785
PVD,7248940.0,189911236.5,785
PDR,9003400.0,189761135.33333334,785
DIG,9548106.666666666,187037368.66666666,785
HCM,7651813.333333333,174571347.0,785
VSC,7880143.333333333,172062330.5,785
GEE,783236.6666666666,156334255.33333334,785
KDH,4638216.666666667,155659062.33333334,785
NVL,10112516.666666666,149731536.16666666,785
EIB,6207033.333333333,137069560.5,785
DBC,4958300.0,136688619.0,785
PVS,4171489.8666666667,135081178.685,785
TPB,7408980.0,126951154.66666667,785
VPI,2084846.6666666667,118967681.33333333,785
VCG,4120206.6666666665,98684282.0,785
HAH,1605393.3333333333,98352631.66666667,785
MCH,453836.6666666667,97287023.0,785
KBC,2792990.0,96506766.16666667,785
BSR,6191450.0,95705174.16666667,785
VIB,5198936.666666667,94475822.33333333,785
BAF,2673393.3333333335,92554897.66666667,785
POW,7447378.633333334,92264692.10166666,785
MSB,7218140.0,91861413.83333333,785
LPB,1997046.6666666667,90046470.83333333,785
SAB,1762200.0,89307530.66666667,785
TCH,4501864.4,88811296.59033333,785
DGW,2005686.6666666667,85960239.33333333,785
FRT,548986.6666666666,81814687.0,785
MBS,2769836.6666666665,77599965.0,785
NKG,4582953.333333333,73671254.16666667,785
KHG,9885423.333333334,73178178.56666666,785
BID,1841780.0,69695086.5,785
HHV,4937261.1,68032657.62133333,785
IDC,1730032.8,66440532.77866667,785
DPM,2847456.6666666665,66163846.5,785
ABB,4317866.666666667,65379830.666666664,785
PVT,3489533.3333333335,64685022.166666664,785
HDG,2088910.0,64435828.0,785
GAS,979923.3333333334,63523118.333333336,785
PC1,2725737.1,60786074.05499999,785
GMD,993550.0,60551887.0,785
NLG,1700896.6666666667,58353477.0,785
PLX,1580960.0,54904689.333333336,785
GVR,2012390.6,54832981.233333334,785
HDC,2122663.6333333333,54535855.06166666,785
PET,1623853.3333333333,53563145.833333336,785
ACV,972143.3333333334,51799837.0,785
VHC,862730.0,49502908.666666664,785
SSB,2621143.3333333335,45585010.333333336,785
VGI,597170.0,44398951.666666664,785
HSG,2675046.6666666665,44136030.833333336,785
PNJ,479766.6666666667,43691145.333333336,785
DCM,1280906.6666666667,43152017.666666664,785
ANV,1473993.3333333333,42651627.833333336,785
CTD,485025.0333333333,38767164.11466666,785
FTS,1005523.3333333334,33365129.5,785
MSR,1318136.6666666667,32901519.0,785
TAL,657763.3333333334,32455091.333333332,483
IJC,2823060.0,32417625.166666668,785
VFS,2052543.3333333333,32034183.333333332,785
EVF,2688443.3333333335,31588923.0,785
TCM,1131043.3333333333,31340658.5,785
DCL,788473.3333333334,31055728.0,785
TLG,558349.4,30420201.50033333,785
VGC,672126.7666666667,29256508.016666666,785
CTR,331173.3333333333,28919294.333333332,785
HVN,1030750.0,28567903.333333332,785
BMP,156683.53333333333,26524953.030000005,785
CTS,751443.3333333334,26047386.833333332,785
VC3,940430.0,25781276.666666668,785
AAA,3053136.6666666665,25615261.966666665,785
HUT,1492503.3333333333,25218917.666666668,785
BVH,435970.9666666667,23602473.69333333,785
SCR,2919496.6666666665,23487693.566666666,785
REE,353180.0,22765323.666666668,785
DPG,532123.3333333334,22737605.0,785
OCB,1844976.6666666667,22620465.5,785
VTZ,1192776.6666666667,22145315.666666668,785
QCG,1363606.6666666667,21724666.833333332,785
LCG,2052876.6666666667,21606082.166666668,785
YEG,1676916.6666666667,21315129.5,785
BCG,6528900.0,21312563.866666667,785
PAN,744850.0,20759043.666666668,785
KSB,1123446.6666666667,20731399.666666668,785
NAB,1429736.6666666667,20573169.5,785
ROS,7132076.666666667,20471234.0,785
DDV,766683.3333333334,20373063.666666668,785
HQC,6161536.666666667,19620925.266666666,785
NAF,564483.3333333334,19366758.0,785
HHS,1382646.6666666667,19263726.666666668,785
MST,2786280.0,17853181.333333332,785
DPR,463386.6666666667,17731822.166666668,785
SIP,315668.0333333333,17533993.190666668,785
BSI,443866.6666666667,17490665.0,785
SBT,696966.6666666666,17364332.333333332,785
FCN,1102765.5333333334,17193256.064666666,785
ELC,745633.3333333334,17011016.333333332,785
NT2,710770.0,16909934.0,785
HHP,1394516.6666666667,16731432.333333334,785
DXS,1643570.0,16044648.166666666,785
SCS,296303.4666666667,15564110.760333335,785
VDS,849013.3333333334,15304778.0,785
AAS,1561436.6666666667,14956095.666666666,785
KOS,383860.0,14804428.0,785
VEA,411697.5333333333,14541923.741666667,785
MSH,413972.26666666666,14490077.261333333,785
KDC,274813.3333333333,14362581.0,785
PHR,249510.0,14177569.0,785
ORS,1016073.3333333334,13931623.666666666,785
BVB,1014186.6666666666,13547411.0,785
BCM,207616.66666666666,13535381.333333334,785
TNG,701364.2333333333,13372340.906666666,785
MZG,1236013.3333333333,13304508.0,282
CSV,428540.0,12959648.0,785
VGS,465796.6666666667,12902362.666666666,785
HNG,2158786.6666666665,12778660.0,785
NTL,719108.5666666667,12336332.470666666,785
HID,1543553.3333333333,12277134.0,785
VOS,927376.6666666666,12136569.333333334,785
NTP,185103.33333333334,11897787.0,785
SZC,379210.0,11801408.833333334,785
FIT,2296796.6666666665,11801236.466666667,785
LDG,2492300.0,11536793.833333334,785
C4G,1300620.0,11224283.666666666,785
TTF,2955480.0,10627353.566666666,785
CDC,393380.0,10195230.833333334,785
AGR,633383.3333333334,10077911.833333334,785
HBC,1470486.6666666667,9608062.0,785
VVS,154526.66666666666,9537899.0,785
CMG,255346.66666666666,9410295.833333334,785
PVI,101293.33333333333,9286844.666666666,785
CRC,912650.0,8560937.333333334,785
KSV,69000.0,8377332.333333333,785
PAC,338770.0,8097565.666666667,785
SBS,1324963.3333333333,8037182.666666667,785
DHC,241023.33333333334,8017435.833333333,785
SHI,519683.3333333333,7995895.5,785
PAT,92538.53333333334,7853748.070333335,785
EVG,910863.3333333334,7835806.3,785
DSE,297186.6666666667,7736896.5,376
TV2,217351.53333333333,7718936.617,785
VGT,596266.6666666666,7537609.333333333,785
OIL,680626.6666666666,7281436.333333333,785
BCR,3874913.3333333335,7220827.0,393
KLB,435880.0,7112876.0,785
HII,978480.0,7026761.5,785
C69,508403.3333333333,6900762.333333333,785
DHA,112586.66666666667,6859371.0,785
SBG,435153.3333333333,6563053.333333333,517
HSL,769450.0,6515076.2,785
BMI,340840.0,6302683.0,785
CTI,272033.3333333333,6283678.166666667,785
HPX,1337896.6666666667,6253739.466666667,785
DRI,486300.0,6223386.333333333,785
PVC,563786.6666666666,6123924.666666667,785
CTF,307013.3333333333,6026604.333333333,785
TIG,723906.6666666666,5777275.0,785
TRC,71946.66666666667,5570166.333333333,785
POM,1911230.0,5471353.666666667,785
DLG,1947230.0,5381033.5,785
TOS,34756.666666666664,4976932.0,785
NRC,786130.0,4902573.666666667,785
NNC,77950.0,4766505.333333333,785
AGG,308060.0,4694964.333333333,785
BWE,102670.0,4665528.333333333,785
FOX,72710.0,4586844.0,785
BVS,146661.2,4573903.083333333,785
MML,123700.0,4532477.0,785
BFC,99610.0,4368455.333333333,785
DL1,750469.0666666667,4366431.163000001,785
QNS,97670.0,4348893.666666667,785
ITA,1440833.3333333333,4348619.733333333,785
DC4,385906.6666666667,4330678.833333333,785
HT1,275926.6666666667,4265421.166666667,785
CSM,319486.6666666667,4246171.5,785
TDP,158991.33333333334,4224539.493333333,785
HAX,391360.0,4190603.6666666665,785
AFX,322413.3333333333,4088964.6666666665,785
PVB,135930.0,4070576.0,785
BIC,179426.66666666666,4033160.1666666665,785
SGP,145046.66666666666,3995931.6666666665,785
VLB,75750.0,3907895.0,785
SMC,286926.6666666667,3888088.6666666665,785
PVX,2098856.6666666665,3870989.0,785
PTB,85762.0,3798148.915,785
GEG,259446.66666666666,3741224.5,785
IMP,74796.66666666667,3640516.1666666665,785
SGR,191866.66666666666,3634189.0,785
TC6,332256.6666666667,3579520.0,785
VNP,171610.0,3549990.3333333335,785
PSD,217363.33333333334,3529224.3333333335,785
VAB,325053.3333333333,3520132.3333333335,785
VCS,77629.6,3494539.412,785
APH,515690.0,3469057.7666666666,785
APS,459316.6666666667,3454142.6666666665,785
DTD,194386.66666666666,3445733.3333333335,785
PPT,224190.0,3391968.3333333335,785
LGL,560346.6666666666,3372794.1333333333,785
L40,36551.6,3331543.609,785
TDN,301031.86666666664,3331056.52,785
ANT,79000.0,3266630.6666666665,785
IDI,425863.3333333333,3097861.066666667,785
RYG,293710.0,3096986.1666666665,250
PLP,423480.0,3047343.433333333,785
CTP,293993.3333333333,3042980.0,785
TSC,939953.3333333334,3000887.033333333,785
AAH,819226.6666666666,3000775.3333333335,489
G36,338124.36666666664,3000599.15,785
NHA,164858.83333333334,2931095.4669999997,785
VEC,51803.333333333336,2922683.0,785
STH,137883.33333333334,2902389.3333333335,785
DRC,190550.0,2890668.6666666665,785
VTV,199473.33333333334,2860549.3333333335,785
HVH,206230.0,2859100.1666666665,785
AAV,407536.6666666667,2783063.0,785
IDJ,527576.6666666666,2776931.3333333335,785
LAS,169213.33333333334,2770912.3333333335,785
LSG,81966.66666666667,2678885.6666666665,785
LTG,344123.3333333333,2673082.0,785
BOT,1138323.3333333333,2669913.3333333335,785
PLC,104806.66666666667,2657531.0,785
DXP,244143.33333333334,2657488.0,785
AMV,1442853.3333333333,2617206.3333333335,785
TCD,1100053.3333333333,2605752.2,785
OGC,645300.0,2584512.533333333,785
IPA,136193.33333333334,2533987.0,785
ASM,365653.3333333333,2514459.533333333,785
ABC,184146.66666666666,2509526.6666666665,785
HNM,297636.6666666667,2405075.6666666665,785
APG,222796.66666666666,2385742.5,785
DBD,48086.666666666664,2372418.1666666665,785
LBM,65186.666666666664,2344743.6410000003,785
PHP,69376.66666666667,2324417.3333333335,785
MIG,133430.0,2301852.1666666665,785
LHG,76623.33333333333,2289939.8333333335,785
TTN,127683.33333333333,2265928.0,785
MVC,133270.0,2246334.3333333335,785
TNH,187270.0,2216339.3333333335,785
NTC,14003.333333333334,2205666.0,785
ITC,151576.66666666666,2181554.5,785
TVS,134563.33333333334,2166774.1666666665,785
FIR,272766.6666666667,2158601.3,785
ABW,189586.66666666666,2152954.0,648
ILB,91326.66666666667,2108798.0,785
LHC,17866.666666666668,2055604.0,785
KDM,89323.33333333333,2052012.0,785
NHH,169240.0,2048240.8333333333,785
PPC,201406.1,2015089.2583333333,785
PVP,139524.93333333332,2006672.22,785
PIV,401993.3333333333,1984482.3333333333,785
GIL,133086.66666666666,1940366.8333333333,785
BCA,133096.66666666666,1928701.3333333333,785
L14,62856.666666666664,1922660.0,785
KSF,26143.333333333332,1920388.0,785
VTO,164983.33333333334,1910033.5,785
ITD,115380.0,1879119.5,785
NDN,164883.33333333334,1877680.3333333333,785
CTX,175330.0,1875764.6666666667,785
ICT,91043.33333333333,1870375.6666666667,785
PCH,97530.0,1850057.3333333333,785
SJE,94406.66666666667,1803782.3333333333,785
AVG,162690.0,1777820.0,347
VEF,13323.333333333334,1765207.6666666667,785
VC7,169590.0,1761437.0,785
NVB,127140.0,1758547.0,785
GDA,104233.33333333333,1753040.0,578
TDC,148510.0,1752630.1666666667,785
TLD,210446.66666666666,1736109.5,785
CMN,23846.666666666668,1729639.6666666667,785
NCT,18043.766666666666,1702044.1800000002,785
QTP,133576.66666666666,1699162.6666666667,785
BIG,270206.6666666667,1683043.0,785
DVM,263250.0,1680903.6666666667,785
TCI,167733.33333333334,1630705.5333333334,785
TVN,211763.33333333334,1630590.0,785
GKM,492123.3333333333,1604664.6666666667,785
BNA,207500.0,1601850.6666666667,785
SEA,37266.666666666664,1573692.6666666667,785
DHG,15276.666666666666,1564612.0,785
SCG,23593.333333333332,1546414.6666666667,785
AIG,31833.333333333332,1542654.6666666667,279
PXL,94510.0,1521776.6666666667,785
PSH,628613.3333333334,1518211.7,785
HTN,163356.66666666666,1497237.6,785
VNB,82790.0,1496041.0,785
SAM,200456.66666666666,1495927.2666666666,785
ABS,427460.0,1487320.9,785
VTB,70686.66666666667,1418926.0,785
HRT,95770.0,1415278.3333333333,785
TCO,150716.66666666666,1414056.0666666667,785
VC2,222255.8,1411235.2589999996,785
SJS,24136.666666666668,1410137.6666666667,785
VRC,98426.66666666667,1402155.0,785
VIP,110140.0,1371546.3333333333,785
DFF,1413226.6666666667,1344317.0,785
GCF,45023.066666666666,1334260.1883333332,754
DVN,61943.333333333336,1322160.3333333333,785
MHC,101916.66666666667,1317996.5,785
ATG,172493.33333333334,1306754.3333333333,785
IDP,6153.333333333333,1295908.3333333333,785
SRA,398336.6666666667,1270368.3333333333,785
THG,27600.0,1269698.7596666666,785
CET,113823.33333333333,1265622.3333333333,785
API,177803.33333333334,1264598.3333333333,785
TAR,239223.33333333334,1252931.3333333333,785
VHE,304070.0,1252289.6666666667,785
ACG,35427.566666666666,1250660.98,785
VMS,46720.0,1250124.0,785
NAG,149800.0,1248580.3333333333,785
HBS,173220.0,1242320.3333333333,785
BTV,97230.0,1227299.0,785
HLB,3278.1666666666665,1215413.5850000002,785
VLC,84630.0,1186952.3333333333,785
LSS,122476.66666666667,1163916.2333333334,785
CAV,16045.866666666667,1135433.7033333334,785
LIG,255793.33333333334,1126847.3333333333,785
BMS,87350.0,1122472.3333333333,785
D2D,31800.0,1120494.0,785
VPG,190033.33333333334,1109445.0,785
DRH,460396.6666666667,1107642.7666666666,785
TL4,111703.33333333333,1082691.6666666667,785
HTP,621046.6666666666,1056490.0,785
VGR,15846.733333333334,1055150.8613333334,785
HGM,4260.866666666667,1055004.5339999998,785
VDP,21190.0,1049357.1666666667,785
HLC,65013.333333333336,1049143.6666666667,785
TTA,98350.73333333334,1043758.032,785
CLX,65006.666666666664,1032067.0,785
PSI,125633.33333333333,1012692.3333333334,785
SRT,80896.66666666667,1007088.6666666666,785
PBC,148696.66666666666,992784.6666666666,785
MPC,58563.833333333336,979679.6599999999,785
DGT,204600.0,974631.3333333334,785
GTD,14490.0,968418.0,785
CHP,32626.6,966918.605,785
BCE,88431.53333333334,964349.1683333333,785
PDB,35096.666666666664,961179.6666666666,785
JVC,141023.33333333334,952741.7,785
DDG,518633.3333333333,924823.6666666666,785
FMC,25380.0,914637.0,785
HAP,116106.66666666667,898721.8666666667,785
AMS,115780.0,893654.3333333334,785
TMT,66160.0,893188.7,785
RDP,527900.0,884771.8333333334,785
PVL,270953.3333333333,872131.0,785
DVP,12666.666666666666,863342.3333333334,785
DNA,29100.0,858657.3333333334,785
CCC,60782.5,836235.0333333333,349
AGM,252616.66666666666,835900.0,785
NBB,42180.0,834815.1666666666,785
ODE,18010.0,830121.6666666666,785
CIG,91946.66666666667,823672.4,785
FID,438946.6666666667,818231.0,785
TPC,59646.666666666664,805345.1666666666,785
EVS,131030.0,801461.0,785
VNE,132893.33333333334,787144.6333333333,785
CAT,47108.13333333333,784849.4636666666,785
SMB,19237.6,774798.8333333334,785
LDP,66883.33333333333,771408.6666666666,785
ECO,21668.633333333335,763232.3523333333,307
DHT,10036.666666666666,740018.6666666666,785
PXS,236853.33333333334,738251.3333333334,785
KHB,321566.4,733468.0133333333,785
SKG,71896.66666666667,732572.4333333333,785
TNI,127263.33333333333,723374.2666666667,785
TRA,9900.0,719040.3333333334,785
HVA,36863.333333333336,712779.6666666666,785
TIP,39324.9,707427.6430000003,785
HVT,23816.666666666668,706138.0,785
ABI,34833.333333333336,697262.3333333334,785
TEG,101796.66666666667,697211.8333333334,785
SGB,55147.433333333334,695570.065,785
PTI,17376.666666666668,683344.0,785
SDA,222163.33333333334,683030.0,785
PWA,108296.66666666667,681144.0,785
ST8,123970.0,678474.6,785
CEN,274653.3333333333,676591.3333333334,785
LMH,593340.0,667575.6666666666,785
VTR,50307.7,665260.8859999999,785
TSA,48056.666666666664,664638.3333333334,361
CVN,495856.6666666667,664279.0,785
TVC,72293.33333333333,658512.3333333334,785
HLD,35283.333333333336,657575.0,785
HTG,14782.466666666667,652316.4389999999,785
CCL,104196.66666666667,650280.2333333333,785
AST,8583.333333333334,647065.0,785
C32,50389.03333333333,640964.6123333332,785
CMX,96970.0,637497.0666666667,785
VTC,33200.0,608731.6666666666,785
MBG,176233.33333333334,590019.3333333334,785
DVG,386563.3333333333,587114.3333333334,785
TDH,126886.66666666667,586621.6666666666,785
SJD,41286.666666666664,582025.0,785
VSH,13138.933333333332,580900.9783333334,785
HTI,24026.666666666668,574022.5,785
DSC,37530.0,572533.5,785
FOC,8856.666666666666,569916.6666666666,785
ILS,30893.333333333332,561084.6666666666,785
MCP,19323.333333333332,551180.5,785
TNA,128993.33333333333,539476.1,785
LIX,15423.333333333334,537901.0,785
VBB,51357.0,537675.5133333333,785
TNT,67210.0,533645.5666666667,785
VIW,25670.0,522770.0,785
NO1,78525.73333333334,519723.00933333335,770
SPI,194730.0,517549.0,785
SGN,8553.433333333332,514530.36666666664,785
CT3,96033.33333333333,514214.6666666667,785
VIG,88380.0,513950.0,785
DAG,275831.4666666667,509927.0013333333,785
FIC,29143.333333333332,509304.3333333333,785
TLH,99843.33333333333,507480.63333333336,785
VST,150826.66666666666,505678.6666666667,785
IVS,57380.0,504364.3333333333,785
S99,53736.666666666664,501108.0,785
PMC,2928.7,499210.17733333335,785
CKG,44156.666666666664,495594.8333333333,785
ABT,7100.0,493761.0,785
SJM,69063.33333333333,487802.6666666667,785
IDV,18350.0,484754.72599999997,785
CQN,15106.666666666666,474591.3333333333,785
MCM,17832.166666666668,473238.46333333326,785
SCL,24047.9,468267.69666666666,785
ACM,741253.3333333334,468195.6666666667,785
BCC,59300.0,466427.6666666667,785
RAL,5040.0,465828.3333333333,785
GSP,44476.666666666664,464357.3333333333,785
DAH,122296.66666666667,462008.4666666667,785
PDV,43597.96666666667,461035.033,785
GDT,21883.333333333332,457209.6666666667,785
BKC,20756.666666666668,456476.6666666667,785
QBS,622983.3333333334,455460.0,785
DP3,8730.0,449707.0,785
SLS,2736.6666666666665,449076.6666666667,785
CDP,37460.0,446981.6666666667,785
VGP,15801.766666666666,445685.19066666666,785
CAP,10973.333333333334,445024.3333333333,785
TCL,12790.0,442008.6666666667,785
VSI,19448.366666666665,440419.5203333333,785
BTP,46045.76666666667,438556.41099999996,785
L18,16746.666666666668,437079.3333333333,785
EVE,39946.666666666664,435270.5,785
MFS,11499.633333333333,426491.92,785
TIN,7923.333333333333,421145.3333333333,785
SVC,17476.666666666668,419751.1666666667,785
DST,45746.666666666664,417579.3333333333,785
GGG,83203.33333333333,416295.0,785
LAI,27283.333333333332,413944.0,785
LGM,28323.333333333332,413442.6666666667,785
BKG,137240.0,410502.3,785
KPF,282453.3333333333,409344.93333333335,785
PVM,22593.0,407112.0296666667,785
BII,504420.0,405030.6666666667,785
PPH,14483.466666666667,402549.288,785
BDT,40693.333333333336,398675.6666666667,785
ACL,26700.0,393728.6666666667,785
ADS,47250.0,384078.1666666667,785
SWC,12343.333333333334,382574.0,785
PGC,28310.0,381888.1666666667,785
HPP,4653.333333333333,380535.6666666667,785
TTG,35880.0,377554.6666666667,785
NCG,31046.666666666668,376690.6666666667,533
BTH,13648.866666666667,374337.68,785
VPS,36180.0,371339.4,785
VSF,14743.333333333334,370949.3333333333,785
DCS,359303.3333333333,370496.6666666667,785
NSC,4730.0,369042.0,785
VHG,188056.66666666666,367317.0,785
SGT,21996.666666666668,365600.6666666667,785
PDN,3550.0,362183.6666666667,785
VTE,37406.666666666664,359699.6666666667,785
BMC,22746.666666666668,359650.1666666667,785
